{
    "items": [
        {
            "Name": "Obstacles",
            "TextColor": {
                "r": 1.0,
                "g": 1.0,
                "b": 1.0,
                "a": 1.0
            },
            "FontSize": 12,
            "FontStyle": 1,
            "ImageColor": {
                "r": 0.5764706134796143,
                "g": 0.2862745225429535,
                "b": 0.7450980544090271,
                "a": 1.0
            },
            "ImageType": 0
        }
    ]
}